"ja","EQUIPO","MARCA ","MODELO","ACTIVO NUEVO","S/N","ESTADO DE EQUIPO","PAG. INV. OF.","UBICACIÓN"
,"Generador de funciones","HP","33120A","U15200501129","US36044569","MALO",8,"DADO BAJA AGOSTO 2018"
,"Generador de funciones","Goldstar","FG-8002","U15200500948",5020073,"Bueno",8,"DADO BAJA AGOSTO 2018"
,"Generador de funciones","Goldstar","FG-8002","U15200500942",5020081,"Bueno",2,"DADO BAJA AGOSTO 2018"
,"Generador de funciones","Goldstar","FG-8002","U15200500950",5020072,"Bueno",2,"DADO BAJA AGOSTO 2018"
,"Generador de funciones","Goldstar","FG-8002","U15200500947",1520079,"Bueno",2,"DADO BAJA AGOSTO 2018"
,"Generador de funciones","Goldstar","FG-8002","U15200500945",1520076,"Bueno",8,"DADO BAJA AGOSTO 2018"
,"Generador de funciones","Goldstar","FG-8002","U15200500944",5020078,"Bueno",2,"DADO BAJA AGOSTO 2018"
,"Generador de funciones","Goldstar","FG-8002","U15200500941",1520080,"Bueno",2,"DADO BAJA AGOSTO 2018"
,"Generador de funciones","Goldstar","FG-8002","U15200500949",5020074,"Bueno",2,"DADO BAJA AGOSTO 2018"
,"Generador de funciones","Goldstar","FG-8002","U15200500946",5020077,"Bueno",2,"DADO BAJA AGOSTO 2018"
,"Generador de funciones","Goldstar","FG-8002","U15200500943",5020075,"Bueno",2,"DADO BAJA AGOSTO 2018"
,"Generador de funciones","BK precision","4017A","U15200500953","4,01710574051117E+016","Bueno",2,"VITRINA 6"
,"Generador de funciones","BK precision","4017A","U15200500951","4,01710574051117E+016","Bueno",2,"VITRINA 6"
,"Generador de funciones","BK precision","4017A","U15200500952","4,01710574051117E+016","Bueno",5,"VITRINA 6"
,"Generador de funciones","Hameg","hm8131","U15200501140","130033p","Bueno",8,"L5.VIT.NEGRA"
,"Generador de funciones","Hameg","hm8130","U15200501139","130041p","Bueno",8,"L5.VIT.NEGRA"
,"Generador de funciones","HP","33120A","U15200501127","US36023443","MALO",7,"L5.VIT.NEGRA"
,"Generador de funciones","HP","33124A","U15200500993","US36023454","Bueno",8,"VITRINA 6"
,"Generador de funciones","HP","33123A","U15200500994","US36044560","Bueno",2,"L5.VIT.NEGRA"
,"Generador de funciones","HP","33120A","U15200501132","MY40018844","MALO",7,"DADO BAJA AGOSTO 2018"
,"Generador de funciones","HP","33120A","U15200500995","MY40020208","Bueno",2,"VITRINA 6"
,"Generador de funciones","HP","33120A","U15200501130","US36044562","MALO",2,"DADO BAJA AGOSTO 2018"
,"Generador de funciones","HP","33122A","U15200500996","US36044558","Bueno",2,"VITRINA 6"
,"Generador de funciones","HP","33120A","U15200500997","US36044559","Bueno",5,"VITRINA 6"
,"Generador de funciones","HP","33120A","U15200501128","US36023472","MALO",7,"DADO BAJA AGOSTO 2018"
,"Generador de funciones","HP","33121A","U15200500998","US36023459","Bueno",2,"VITRINA 6"
,"Generador de funciones","Gwinstek","AFG-2025","U15200501000","GEN863695","Bueno",2,"VITRINA 6"
,"Generador de funciones","Gwinstek","AFG-2025",,"GEN863649","Bueno",5,
,"Generador de funciones","Gwinstek","AFG-2025","U15200501307","gen83604","Bueno",1,"VITRINA 6"
,"Generador de funciones","Gwinstek","AFG-2025",,"GEN863673","Bueno",2,
,"Generador de funciones","Gwinstek","AFG-2025","U15200500986","GEN863693","Bueno",2,"VITRINA 6"
,"Generador de funciones","Gwinstek","AFG-2025","U15200500987","GEN863660","Bueno",2,"VITRINA 6"
,"Generador de funciones","Gwinstek","AFG-2025","U15200500988","GEN863684","Bueno",2,"VITRINA 6"
,"Generador de funciones","Gwinstek","AFG-2025","U15200500989","gen863682","Bueno",5,"VITRINA 6"
,"Generador de funciones","HP","33120A","U15200501131","US36023462","MALO",8,"DADO BAJA AGOSTO 2018"
,"Osciloscopio","HP","54645D","U15200501283","US39152473","MALO",1,"L5.VIT.NEGRA"
,"Osciloscopio","HP","54600B","U15200500971","US39152477","Bueno",1,"VITRINA 4"
,"Osciloscopio","HP","54600B","U15200501284","US39152475","MALO",1,"L5.VIT.NEGRA"
,"Osciloscopio","HP","54610B","U15200500972","US38420767","MALO",8,"VITRINA 5"
,"Osciloscopio","HP","54600B","U15200500973","US39152472","Bueno",1,"VITRINA 5"
,"Osciloscopio","HP","54600B","U15200500974","US38420765","Bueno",1,"VITRINA 5"
,"Osciloscopio","HP","54600B","U15200500975","US38420759","Bueno",1,"VITRINA 5"
,"Osciloscopio","HP","54600B","U15200500976","US38420768","Bueno",1,"VITRINA 5"
,"Osciloscopio","HP","54600B","U15200500977","US39152474","Bueno",1,"VITRINA 5"
,"Osciloscopio","HP","54659B","U15200500978","US36400451","Bueno",1,"VITRINA 5"
,"Osciloscopio","HP","54600B",,"US37093200","DESPIEAZADO",1,
,"Osciloscopio","Erasmus","EOD-200",,"SIN S/N","Bueno",1,
,"Osciloscopio","Erasmus","EOD-200","U15200500967","SIN S/N","Bueno",1,"VITRINA 4"
,"Osciloscopio","Erasmus","EOD-200","U15200500968","SIN S/N","Bueno",8,"VITRINA 4"
,"Osciloscopio","Erasmus","EOD-200","U15200500969","SIN S/N","Bueno",1,"VITRINA 4"
,"Osciloscopio","Gwinstek","GOS-620","U15200501004","EK903292","Bueno",1,"DADO BAJA AGOSTO 2018"
,"Osciloscopio","Gwinstek","GOS-620","U15200501281","EK903347","NO ILUMINA",1,"DADO BAJA AGOSTO 2018"
,"Osciloscopio","Gwinstek","GOS-620","U15200501005","EK903291","Bueno",1,"DADO BAJA AGOSTO 2018"
,"Osciloscopio","Hameg","HM504","U15200501001","SIN S/N","Bueno",1,"DADO BAJA AGOSTO 2018"
,"Osciloscopio","Erasmus","EOD-200",,"SIN S/N","Bueno",1,
,"Osciloscopio","Gwinstek","GOS-620","U15200501282","EK903281","NO SEÑAL",1,"DADO BAJA AGOSTO 2018"
,"Osciloscopio","Agilent","54622D",,"MY40007178","Bueno",5,
,"Osciloscopio","HP","54645D","U15200500979","US37093201","Bueno",1,"VITRINA 5"
,"Osciloscopio","TEKTRONIK","TDS2024C",,"TDS2024C-CO18508","Bueno",5,
,"Osciloscopio","Erasmus","EOD-200",,"SIN S/N","Bueno",6,
,"Osciloscopio","Erasmus","EOD-200","U15200500970","SIN S/N","Bueno",8,"VITRINA 4"
,"Osciloscopio","HP","54600B",,"US36400449","DESPIEZADO",1,
,"Osciloscopio","Hameg","HM504-2","U15200501002",37100074,"Bueno",8,"DADO BAJA AGOSTO 2018"
,"Osciloscopio","Gwinstek","GOS-620","U15200501007","EK903340","Bueno",1,"DADO BAJA AGOSTO 2018"
,"Fuente","BK precision",1672,,"1,67200226060127E+016","Bueno",1,
,"Fuente","BK precision",1672,,"1,67200226060127E+016","Bueno",8,
,"Fuente","BK precision",1672,,"1,67200226060127E+016","Bueno",1,
,"Fuente","HP","E3620A","U15200501015","KR51301829","Bueno",1,"DADO BAJA AGOSTO 2018"
,"Fuente","HP","E3620A",,"KR51300937","Bueno",1,"DADO BAJA AGOSTO 2018"
,"Fuente","HP","E3620A",,"KR51301833","Bueno",1,"DADO BAJA AGOSTO 2018"
,"Fuente","HP","E3620A",,"KR51301801","DESPIEZADO",7,"DADO BAJA AGOSTO 2018"
,"Fuente","HP","E3620A","U15200501012","KR75308942","Bueno",1,"DADO BAJA AGOSTO 2018"
,"Fuente","H","E3620A","U15200501011","KR75308944","Bueno",1,"DADO BAJA AGOSTO 2018"
,"Fuente","HP","E3620A",,"KR51301855","Bueno",1,"DADO BAJA AGOSTO 2018"
,"Fuente","HP","E3620A",,"KR51301795","Bueno",1,"DADO BAJA AGOSTO 2018"
,"Fuente","HP","E3620A","U15200501013","KR75608731","Bueno",1,"DADO BAJA AGOSTO 2018"
,"Fuente","HP","E3620A",,"KR51307817","Bueno",1,"DADO BAJA AGOSTO 2018"
,"Fuente","BK precision",1672,"U15200500954","1,65200574051107E+016","Bueno",6,"L3.LOK8"
,"Fuente","HP","E3620A","U15200501014","KR75308350","Bueno",1,"DADO BAJA AGOSTO 2018"
,"Fuente","BK precision",1672,,,"Bueno",8,
,"Fuente","BK precision",1672,,"1,67200226060127E+016","Bueno",8,
,"Fuente","ARKSEN","303-2D","U15200500959",20203576,"Bueno",1,"VITRINA 5"
,"Fuente","Gwinstek","GPC-3030D",,"GEO833386","Bueno",1,
,"Fuente","Gwinstek","GPC-3030D","U15200501031","GEO833402","Bueno",5,"VITRINA 3"
,"Fuente","Erasmus","EF-055",,"SIN S/N","Bueno",1,
,"Fuente","Erasmus","EF-055","U15200500981","SIN S/N","Bueno",1,"VITRINA 3"
,"Fuente","Erasmus","EF-055","U15200500982","SIN S/N","Bueno",1,"VITRINA 3"
,"Fuente","Erasmus","EF-055","U15200500983","SIN S/N","Bueno",1,"VITRINA 4"
,"Fuente","Erasmus","EF-055","U15200500984","SIN S/N","Bueno",1,"VITRINA 4"
,"Fuente","Erasmus","EF-055","U15200500999","SIN S/N","Bueno",1,"VITRINA 4"
,"Fuente","Erasmus","EF-055","U15200501037","SIN S/N","Bueno",8,"VITRINA 5"
,"Fuente","Erasmus","EF-055","U15200501038","SIN S/N","Bueno",8,"VITRINA 3"
,"Fuente","BK precision",1654,"U15200500955","1,65200574051107E+016","Bueno",6,"L3.LOK7"
,"Fuente","BK precision",1653,"U15200500956","1,65200574051107E+016","Bueno",6,"L4.LOK7"
,"Fuente","BK precision",1656,"U15200500957","1,65200574051107E+016","Bueno",6,"L4.LOK2"
,"Fuente","BK precision",1655,"U15200500958","1,65200574051107E+016","Bueno",6,"L3.LOK6"
,"Fuente","Erasmus","EF-055","U15200501036","SIN S/N","Bueno",1,"VITRINA 5"
,"Fuente","Gwinstek","GPC-3030D","U15200501032","GEO833393","Bueno",1,"VITRINA 4"
,"Fuente","Gwinstek","GPC-3030D","U15200501033","GEO833403","Bueno",1,"VITRINA 4"
,"Fuente","Gwinstek","GPC-3030D","U15200501034","GEO833398","Bueno",1,"VITRINA 4"
,"Fuente","Gwinstek","GPC-3030D","U15200501035","GEO833392","Bueno",1,"VITRINA 5"
,"Fuente","HP","E3620A",,"KR51301787","Bueno","NO APARECE",
,"Fuente","HP","E3620A",,"KR51301812","DESPIEZADO",7,"DADO BAJA AGOSTO 2018"
,"Fuente","HP","E3620A",,75308940,"Bueno","NO APARECE",
,"LCR","HP","4263B","U15200501099","JP1KD00559","Bueno",,"VITRINA 7"
,"LCR","HP","4263B","U15200501100","JP1KD00558","Bueno",2,"VITRINA 7"
,"LCR","HP","4263B","U15200501101","JP1KD01936","Bueno",2,"VITRINA 7"
,"LCR","HP","4263B","U15200501102","JP1KD01837","Bueno",2,"VITRINA 7"
,"Contador de frecuencia","HP","53181A","U15200501103","3705A02637","Bueno",2,"VITRINA 7"
,"Contador de frecuencia","HP","53181A","U15200501104","3736A04540","Bueno",2,"VITRINA 7"
,"Contador de frecuencia","HP","53181A","U15200501105","3736A04577","Bueno",2,"VITRINA 7"
,"Medidor de resistencia","HP","4339B","U15200501018","JP1KD00145","Bueno",2,"L1 VIT. GRIS"
,"Medidor de resistencia","HP","4339B","U15200501017","JP1KD00192","Bueno",2,"L1 VIT. GRIS"
,"Nano voltimetros","HP","34420A","U15200501106","US34000678","Bueno",2,"VITRINA 7"
,"Nano voltimetros","HP","34420A","U15200501107","US36000166","Bueno",2,"VITRINA 7"
,"Multimetro","Agilent","34401A","U15200501135","US36102661","ERROR ",2,"L5.VIT.NEGRA"
,"Multimetro","HP","34401A","U152501016","US36058621","Bueno",2,"L1 VIT. GRIS"
,"Multimetro","Agilent","34401A","U15200501108","US36102691","Bueno",5,"VITRINA 7"
,"Multimetro","Agilent","34401A","U15200501138","US36102687","ERROR NO MIDE",5,"L5.VIT.NEGRA"
,"Multimetro","Agilent","34401A","U15200501133","US36102670","ERROR",2,"L5.VIT.NEGRA"
,"Multimetro","Agilent","34401A","U15200501109","US36102662","Bueno",2,"VITRINA 7"
,"Multimetro","HP","34401A","U15200501110","US36058655","Bueno",2,"VITRINA 7"
,"Multimetro","HP","34401A","U15200501111",,,,"VITRINA 7"
,"Multimetro","HP","34401A","U15200501137","US36058653","ERROR NO MIDE",2,"L5.VIT.NEGRA"
,"Multimetro","hp","34401A","U15200501112","US36058614","Bueno",5,"VITRINA 7"
,"PINZA AMPERIMETRICA","UNI-T","UT-231","U15200501114",1090234217,"Bueno",,"L1.VIT. 2"
,"PINZA AMPERIMETRICA","UNI-T","UT-231","U15200501115",1090234218,"Bueno",,"L1 VIT. 2"
,"Medidor de potencia","HP","E4418A","U15200501134","GB38273415","MALO",2,"L5.VIT.NEGRA"
,"Medidor de potencia","HP","E4418A","U15200501136","GB38273405","MALO",2,"L5.VIT.NEGRA"
,"Analizador de esp.","HP","ESA-LI500A","U15200501118","US38281873","MALO",5,"L5.VIT.GRIS"
,"Analizador de esp.","Agilent","E4403B","U15200501117","US40521148","Bueno",5,"L5.VIT.GRIS"
,"Analizador de esp.","Gwinstek","gsp-830","U15200501120","em140808","Bueno",5,"L5.VIT.GRIS"
,"Analizador de rf.","hp","8711B","U15200501119","US34400898","Bueno",5,"L5.VIT.GRIS"
,"Generador de señal","hp","8647A","U15200501124","3349A044056","Bueno",5,"L4.LOK3"
,"Generador de señal","hp","8647A","U15200501122","3349A04351","Bueno",5,"L5.VIT.GRIS"
,"Generador de señal","hp","8647A","U15200501121","3349A04349","Bueno",5,"L5.VIT.GRIS"
,"Generador de señal","hp","8647A","U15200501126","3349A04062","Bueno",5,"L5.VIT.NEGRA"
,"Generador de señal","Agilent","8648D","U15200501123","3847M00175","Bueno",5,"L5.VIT.NEGRA"
,"Programador y probador","HILOSYSTEMS","ALL 07A","U15200500940",735356,"BUENO",,
,"VARIADOR VELOCIDAD","YASKAWA","CIMR-VU2A0004FAA","U15200501058",,"Bueno",,"L1. VIT. 2"
,"VARIADOR VELOCIDAD","YASKAWA","CIMR-VU2A0004FAA","U15200500960",,"Bueno",,"L1. VIT. 2"
,"VARIADOR VELOCIDAD","YASKAWA","CIMR-VU2A0004FAA","U15200500961","J012YG641010023",,,"L1. VIT. 2"
,"VARIADOR VELOCIDAD","YASKAWA","CIMR-VU2A0004FAA","U15200500962","J012YG641210095",,,"L1. VIT. 2"
,"Esstacion de aire","ATTEN","850B",,"SIN S/N","BUENO",,
,"Equipo de computo ","DELL","VOSTRO","U15280500903",,,,"SOFTWARE"
,"Equipo de computo ","DELL","VOSTRO","U15280500906",,,,"SOFTWARE"
,"Equipo de computo ","DELL","VOSTRO","U15280500907",,,,"SOFTWARE"
,"Equipo de computo ","DELL","VOSTRO","U15280500908",,,,"SOFTWARE"
,"Equipo de computo ","DELL","VOSTRO","U15280500910",,,,"SOFTWARE"
,"Equipo de computo ","DELL","VOSTRO","U15280500911",,,,"SOFTWARE"
,"Equipo de computo ","DELL","VOSTRO","U15280500912",,,,"SOFTWARE"
,"Equipo de computo ","DELL","VOSTRO","U15280500913",,,,"SOFTWARE"
,"Equipo de computo ","DELL","VOSTRO","U15280500914",,,,"SOFTWARE"
,"Equipo de computo ","DELL","VOSTRO","U15280500915",,,,"SOFTWARE"
,"Equipo de computo ","DELL","VOSTRO","U15280500916",,,,"SOFTWARE"
,"Equipo de computo ","DELL","VOSTRO","U15280500917",,,,"SOFTWARE"
,"Equipo de computo ","DELL","INSPIRON 530","U15280500904","(cámaras)",,,"LAB. GENERAL"
,"Equipo de computo ","DELL","INSPIRON 530",,"(escritorio mio)",,,"TELECOMUNICACIONES"
,"Osciloscopio","BK precision","2540B","U15200501019","337E14139","NUEVO",,"VITRINA 3"
,"Osciloscopio","BK precision","2540B","U15200501020","337E14140","NUEVO",,"VITRINA 4"
,"Osciloscopio","BK precision","2542B","U15200501021","338K14102","NUEVO",,"VITRINA 4"
,"Osciloscopio","BK precision","2542B","U15200501022","338D15133","NUEVO",,"VITRINA 4"
,"Osciloscopio","BK precision","2542B","U15200501023","338D15103","NUEVO",,"VITRINA 4"
,"Osciloscopio","GW INSTEK","GDS-1102A-U","U15200501024","GEP140059","NUEVO","NOV/ /2016","VITRINA 3"
,"Osciloscopio","GW INSTEK","GDS-1102A-U","U15200501025","GEP140061","NUEVO","NOV/ /2016","VITRINA 3"
,"Osciloscopio","GW INSTEK","GDS-1102A-U","U15200501026","GEP140060","NUEVO","NOV/ /2016","VITRINA 3"
,"Osciloscopio","GW INSTEK","GSD-1102AU","U15201000895","GER182159","NUEVO","FEB/ /2018","VITRINA 3"
,"Osciloscopio","GW INSTEK","GSD-1102AU","U15201000896","GER182176","NUEVO","FEB/ /2018","VITRINA 3"
,"Osciloscopio","GW INSTEK","GSD-1102AU","U15201000897","GER182201","NUEVO","FEB/ /2018","VITRINA 3"
,"Osciloscopio","GW INSTEK","GSD-1102AU","U15201000898","GER182191","NUEVO","FEB/ /2018","VITRINA 3"
,"Osciloscopio","GW INSTEK","GSD-1102AU","U15201000899","GER182184","NUEVO","FEB/ /2018","VITRINA 3"
,"Osciloscopio","LG","OS-5040A",,71200524,"USADO","DIC. 12-2016","DADO BAJA AGOSTO 2018"
,"Osciloscopio","LG","OS-5040A",,71200554,"USADO","DIC. 12-2016","DADO BAJA AGOSTO 2018"
,"Osciloscopio","GOLDSTAR","OS-9020P","U15200501008",70801317,"USADO","DIC. 12-2016","DADO BAJA AGOSTO 2018"
,"Osciloscopio","GOLDSTAR","OS-9020P","U15200501009",70801333,"USADO","DIC. 12-2016","DADO BAJA AGOSTO 2018"
,"Osciloscopio","GOLDSTAR","OS-9020P","U15200501010",70801101,"USADO","DIC. 12-2016","DADO BAJA AGOSTO 2018"
,"GENERADOR FUNCIONES","GW INSTEK","AFG-2012","U15200500990","GEQ870499","NUEVO","NOV/ /2016","VITRINA 6"
,"GENERADOR FUNCIONES","GW INSTEK","AFG-2012","U15200500991","GEQ870482","NUEVO","NOV/ /2016","VITRINA 6"
,"GENERADOR FUNCIONES","GW INSTEK","AFG-2012","U15200500992","GEQ870467","NUEVO","NOV/ /2016","VITRINA 6"
,"GENERADOR FUNCIONES","GW INSTEK","AFG-2012","U15201000890","GER884972","NUEVO","FEB/ /2018","VITRINA 6"
,"GENERADOR FUNCIONES","GW INSTEK","AFG-2012","U15201000891","GER884955","NUEVO","FEB/ /2018","VITRINA 6"
,"GENERADOR FUNCIONES","GW INSTEK","AFG-2012","U15201000892","GER884974","NUEVO","FEB/ /2018","VITRINA 6"
,"GENERADOR FUNCIONES","GW INSTEK","AFG-2012","U15201000893","GER884961","NUEVO","FEB/ /2018","VITRINA 6"
,"GENERADOR FUNCIONES","GW INSTEK","AFG-2012","U15201000894","GEQ925875","NUEVO","FEB/ /2018","VITRINA 6"
,"GENERADOR FUNCIONES","GW INSTEK","AFG-2012","U15201001003","GER926488","NUEVO","MAY/ /2018","VITRINA 6"
,"GENERADOR FUNCIONES","GW INSTEK","AFG-2012","U15201001004","GER926495","NUEVO","MAY/ /2018","VITRINA 6"
,"GENERADOR FUNCIONES","GW INSTEK","AFG-2012","U15201001005","GER926492","NUEVO","MAY/ /2018","VITRINA 6"
,"GENERADOR FUNCIONES","GW INSTEK","AFG-2012","U15201001006","GER926497","NUEVO","MAY/ /2018","VITRINA 6"
,"GENERADOR FUNCIONES","GW INSTEK","AFG-2012","U15201001007","GER926487","NUEVO","MAY/ /2018","VITRINA 6"
,"FUENTE DE PODER","GW INSTEK","GPE-3323","U15200501027","GEP914393","NUEVO","NOV/ /2016","VITRINA 3"
,"FUENTE DE PODER","GW INSTEK","GPE-3323","U15200501028","GEP914524","NUEVO","NOV/ /2016","VITRINA 3"
,"FUENTE DE PODER","GW INSTEK","GPE-3323","U15200501029","GEP914495","NUEVO","NOV/ /2016","VITRINA 3"
,"FUENTE DE PODER","GW INSTEK","GPE-3323","U15201000900","GER901735","NUEVO","FEB/ /2018","VITRINA 4"
,"FUENTE DE PODER","GW INSTEK","GPE-3323","U15201000901","GER901743","NUEVO","FEB/ /2018","VITRINA 4"
,"FUENTE DE PODER","GW INSTEK","GPE-3323","U15201000902","GER901726","NUEVO","FEB/ /2018","VITRINA 4"
,"FUENTE DE PODER","GW INSTEK","GPE-3323","U15201000903","GER901730","NUEVO","FEB/ /2018","VITRINA 5"
,"FUENTE DE PODER","GW INSTEK","GPE-3323","U15201000904","GER901736","NUEVO","FEB/ /2018","VITRINA 5"
,"FUENTE DE PODER","BK PRECISION","9130B","U15201001075","465E18148","NUEVO","NOV/ /2018","VITRINA 6"
,"FUENTE DE PODER","BK PRECISION","9130B","U15201001076","465E18229","NUEVO","NOV/ /2018","VITRINA 6"
,"FUENTE DE PODER","BK PRECISION","9130B","U15201001077","465E18234","NUEVO","NOV/ /2018","VITRINA 6"
,"FUENTE DE PODER","BK PRECISION","9130B","U15201001078","465E18212","NUEVO","NOV/ /2018","VITRINA 6"
,"MULTIMETRO","GW INSTEK","GDM-398","U15201001009","GUS110195","NUEVO","FEB/ /2018",
,"MULTIMETRO","GW INSTEK","GDM-398","U15201001010","GUS110191","NUEVO","FEB/ /2018",
,"MULTIMETRO","GW INSTEK","GDM-398","U15201001011","GUS110196","NUEVO","FEB/ /2018",
,"MULTIMETRO","GW INSTEK","GDM-398","U15201001012","GUS110187","NUEVO","FEB/ /2018",
,"MULTIMETRO","GW INSTEK","GDM-398","U15201001013","GUS110190","NUEVO","FEB/ /2018",
,"MULTIMETRO","GW INSTEK","GDM-398","U15201001014","GUS110189","NUEVO","FEB/ /2018",
,"MULTIMETRO","GW INSTEK","GDM-398","U15201001017","GUS110151","NUEVO","FEB/ /2018",
,"MULTIMETRO","GW INSTEK","GDM-398","U15201001018","GUS110155","NUEVO","FEB/ /2018",
,"MULTIMETRO","GW INSTEK","GDM-398","U15201001019","GUS110158","NUEVO","FEB/ /2018",
,"MULTIMETRO","GW INSTEK","GDM-398","U15201001020","GUS110193","NUEVO","FEB/ /2018",
,"GENERADOR DE RF","Aim Tti","TGR 1040","U15201000831",484225,"NUEVO","FEB/ /2018","VITRINA 5"
,"GENERADOR DE RF","Aim Tti","TGR 1040","U15201000832",484226,"NUEVO","FEB/ /2018","VITRINA 5"
,"LCR","BK precision",891,"U15200501098","468L11194","NUEVO",,"VITRINA 7"
,"ANALIZADOR DE ESPECTRO","GW INSTEK","GSP9300","U15201000827","GEP152387","NUEVO","15/11/2017","VITRINA 5"
,"ANALIZADOR DE ESPECTRO","GW INSTEK","KIT ANTENAS GKT-008","U15201000766","GPR120319","NUEVO","15/11/17","VITRINA 5"
,"ANALIZADOR DE ESPECTRO","GW INSTEK","GSP9300","U15201000768","GEP152389","NUEVO","15/11/2017","VITRINA 5"
,"ANALIZADOR DE ESPECTRO","GW INSTEK","KIT ANTENAS GKT-008","U15201000767","GPR120295","NUEVO","15/11/17","VITRINA 5"
,"ANALIZADOR DE ESPECTRO","GW INSTEK","GSP-830",,"RM170177","NUEVO","FEB/ /2018","L3. LOK 4"
," Estac. De soldadura ","HITRONIC","2d-987","U15200500939","SIN S/N","NUEVO",,"VITRINA 1"
,"Lampara","HITRONIC","2d-140A",,"SIN S/N","NUEVO",,"VITRINA 6"
,"Motortool","DREMEL",3000,,"SIN S/N","NUEVO",,"LOCKER 7"
,"Base tercera mano","HITRONIC","ZD-10MB",,"SIN S/N","NUEVO",,"VITRINA 1"
,"Caja de herramientas con:","1 Dest. de pala grande.",,,,"NUEVO",,"VITRINA 6"
,"Caja de herramientas con:","1 Dest. de pala pequeño.",,,,"NUEVO",,"VITRINA 6"
,"Caja de herramientas con:","1 Dest. de estr. grande.",,,,"NUEVO",,"VITRINA 6"
,"Caja de herramientas con:","1 Des. de estr. pequeño.",,,,"NUEVO",,"VITRINA 6"
,"Caja de herramientas con:","1 Pelacable.",,,,"NUEVO",,"VITRINA 6"
,"Caja de herramientas con:","1 Alicate.",,,,"NUEVO",,"VITRINA 6"
,"Caja de herramientas con:","1 Pinza.",,,,"NUEVO",,"VITRINA 6"
,"Caja de herramientas con:","1 Juego dest. de presicion.",,,,"NUEVO",,"VITRINA 6"
,"Caja de herramientas con:","1 Juego dest. bristol.",,,,"NUEVO",,"VITRINA 6"
,"Caja de herramientas con:","1 Juego dest. torx.",,,,"NUEVO",,"VITRINA 6"
,"Caja de herramientas con:","Pinzas de presicion.",,,,"NUEVO",,"VITRINA 6"
,"DAQ","NATIONAL INSTRUMENTS","NI USB-6009",,1775803,"NUEVO","agosto 2016 prog. Ing. Electr.","LOCKER 5"
,"DAQ","NATIONAL INSTRUMENTS","NI USB-6009",,1781329,"NUEVO","agosto 2016 prog. Ing. Electr.","LOCKER 5"
,"DAQ","NATIONAL INSTRUMENTS","NI USB-6009","U15200501053","17728CB","NUEVO","agosto 2016 prog. Ing. Electr.","LOCKER 5"
,"DAQ","NATIONAL INSTRUMENTS","NI USB-6009",,"17614D9","NUEVO","agosto 2016 prog. Ing. Electr.","LOCKER 5"
,"DAQ","NATIONAL INSTRUMENTS","NI USB-6009",,"17728D7","NUEVO","agosto 2016 prog. Ing. Electr.","LOCKER 5"
,"silla sin tapizar",,,,,"NUEVO","15/09/2016 almacén","SOFTWARE"
,"silla sin tapizar",,,,,"NUEVO","15/09/2016 almacén","SOFTWARE"
,"silla sin tapizar",,,,,"NUEVO","15/09/2016 almacén","SOFTWARE"
,"silla sin tapizar",,,,,"NUEVO","15/09/2016 almacén","GENERAL"
,"silla sin tapizar",,,,,"NUEVO","15/09/2016 almacén","GENERAL"
,"silla sin tapizar",,,,,"NUEVO","15/09/2016 almacén","GENERAL"
,"silla sin tapizar",,,,,"NUEVO","15/09/2016 almacén","GENERAL"
,"silla sin tapizar",,,,,"NUEVO","15/09/2016 almacén","GENERAL"
,"silla sin tapizar",,,,,"NUEVO","15/09/2016 almacén","GENERAL"
,"silla sin tapizar",,,,,"NUEVO","15/09/2016 almacén","TELECOMUN."
,"silla sin tapizar",,,,,"NUEVO","15/09/2016 almacén","TELECOMUN."
,"silla sin tapizar",,,,,"NUEVO","15/09/2016 almacén","TELECOMUN."
,"silla sin tapizar",,,,,"NUEVO","15/09/2016 almacén","TELECOMUN."
,"silla sin tapizar",,,,,"NUEVO","15/09/2016 almacén","TELECOMUN."
,"silla sin tapizar",,,,,"NUEVO","15/09/2016 almacén","TELECOMUN."
,"PLC ANALOG I/O MODULE","SIEMENS","S7-1200 SM 1234",,"SV-H4AB8362 2016","NUEVO","10/12/2016","LOCKER 1"
,"PLC CPU MODULE","SIEMENS","S7-1200 CPU 1214",,"SC-H7UV9822 2016","NUEVO","10/12/2016","LOCKER 1"
,"PLC ANALOG I/O MODULE","SIEMENS","S7-1200 SM 1234",,"SV-H4AA6022 2016","NUEVO","10/12/2016","LOCKER 1"
,"PLC CPU MODULE","SIEMENS","S7-1200 CPU 1214",,"SC-H4SF8824 2016","NUEVO","10/12/2016","LOCKER 1"
,"PLC ANALOG I/O MODULE","SIEMENS","S7-1200 SM 1234",,"SV-H4AA5984 2016","NUEVO","10/12/2016","LOCKER 1"
,"PLC CPU MODULE","SIEMENS","S7-1200 CPU 1214",,"SC-H4SF9184 2016","NUEVO","10/12/2016","LOCKER 1"
,"PLC","SCHNEIDER","ZELIO SR3 B261BD","U15201001044",88960161,"NUEVO","02/08/2018",
,"ARDUINO",,"UNO (5)",,,"NUEVO","15/08/2017",
,"ARDUINO",,"NANO (5)",,,"NUEVO","15/08/2017",
,"ARDUINO",,"MEGA (4)",,,"NUEVO","15/08/2017",
,"POWERLAB","AD INSTRUMENTS","ML4818","U15201000820","T15-2983","NUEVO","15/11/2017","ELECTROMEDICINA"
,"VARIAC","STACO ENERGY","3PN1010B","U15201000996",,"NUEVO","22/03/2018","VITRINA 2M"
,"VARIAC","STACO ENERGY","3PN1010B","U15201000997",,"NUEVO","22/03/2018","VITRINA 2M"
,"VARIAC","STACO ENERGY","3PN1010B","U15201001072",,"NUEVO","06/11/2018","VITRINA 2M"
,"VARIAC","STACO ENERGY","3PN1010B","U15201001073",,"NUEVO","06/11/2018","VITRINA 2M"
,"ANALIZADOR ACUSTICO Y DE AUDIO MANUAL","NTI AUDIO","XL2","U15201001081","A2A-15078-EO","NUEVO","nov-18",
,"PINZA DE CORRIENTE","FLUKE","i30s","U15201001112",40780184,"NUEVO","FEB/ /2018","VITRINA 2"
,"PINZA DE CORRIENTE","FLUKE","i30s","U15201001113",40780181,"NUEVO","FEB/ /2018","VITRINA 2"
,"PINZA DE CORRIENTE","FLUKE","i30s","U15201001114",40780185,"NUEVO","FEB/ /2018","VITRINA 2"
,"PINZA DE CORRIENTE","FLUKE","i30s","U15201001130",43580084,"NUEVO","FEB/ /2018","VITRINA 2"
,"PICKIT 2","MICROCHIP",,,,"NUEVO","MAR/ /2019","LOC 14"
,"PICKIT 2","MICROCHIP",,,,"NUEVO","MAR/ /2019","LOC 14"
,"PICKIT 2","MICROCHIP",,,,"NUEVO","MAR/ /2019","LOC 14"
,"PICKIT 2","MICROCHIP",,,,"NUEVO","MAR/ /2019","LOC 14"
,"PICKIT 2","MICROCHIP",,,,"NUEVO","MAR/ /2019","LOC 14"
,"PICKIT 2","MICROCHIP",,,,"NUEVO","MAR/ /2019","LOC 14"
,"PICKIT 2","MICROCHIP",,,,"NUEVO","MAR/ /2019","LOC 14"
,"FPGA",,"DEO NANO",,,"NUEVO","JUN/ /2018","ING. LUISA"
,"FPGA",,"DEO NANO",,,"NUEVO","JUN/ /2018","ING. LUISA"
,"FPGA",,"DEO NANO",,,"NUEVO","JUN/ /2018","ING. LUISA"
,"FPGA",,"DEO NANO",,,"NUEVO","JUN/ /2018","ING. LUISA"
,"FPGA",,"DEO NANO",,,"NUEVO","JUN/ /2018","ING. LUISA"
